1612,impots.gouv.fr
3468,education.gouv.fr
7516,legifrance.gouv.fr
7731,ants.gouv.fr
8553,diplomatie.gouv.fr
11673,interieur.gouv.fr
12384,france-visas.gouv.fr
12554,franceconnect.gouv.fr
13622,economie.gouv.fr
18862,finances.gouv.fr
24107,etudiant.gouv.fr
25374,fonction-publique.gouv.fr
29477,budget.gouv.fr
32225,moncompteactivite.gouv.fr
35304,justice.gouv.fr
36032,defense.gouv.fr
36126,ensap.gouv.fr
36560,amendes.gouv.fr
36562,developpement-durable.gouv.fr
36951,dmp.gouv.fr
37467,chequeenergie.gouv.fr
40179,medicaments.gouv.fr
40825,travail-emploi.gouv.fr
41454,geoportail.gouv.fr
52773,enseignementsup-recherche.gouv.fr
54737,culture.gouv.fr
57299,hauts-de-seine.gouv.fr
58899,antai.gouv.fr
60466,douane.gouv.fr
63229,entreprises.gouv.fr
65439,demande-logement-social.gouv.fr
66177,accueil-etrangers.gouv.fr
69467,service-civique.gouv.fr
69709,prix-carburants.gouv.fr
70438,agriculture.gouv.fr
71435,chorus-pro.gouv.fr
74651,modernisation.gouv.fr
75124,solidarites-sante.gouv.fr
80953,associations.gouv.fr
82444,mes-aides.gouv.fr
98211,devenirenseignant.gouv.fr
98735,vigicrues.gouv.fr
105951,direccte.gouv.fr
113017,logement.gouv.fr
123586,cncp.gouv.fr
141638,aviation-civile.gouv.fr
144647,travail.gouv.fr
145665,internet-signalement.gouv.fr
146611,collectivites-locales.gouv.fr
146799,bas-rhin.gouv.fr
146807,val-doise.gouv.fr
149663,dordogne.gouv.fr
149668,ofpra.gouv.fr
150442,data.gouv.fr
155757,seine-saint-denis.gouv.fr
157875,essonne.gouv.fr
160829,sports.gouv.fr
163802,cadastre.gouv.fr
166404,haute-garonne.gouv.fr
166415,pour-les-personnes-agees.gouv.fr
168900,ssi.gouv.fr
168923,securite-routiere.gouv.fr
171860,sup-numerique.gouv.fr
175799,retraitesdeletat.gouv.fr
182326,anah.gouv.fr
182356,gironde.gouv.fr
198637,journal-officiel.gouv.fr
208400,ecologique-solidaire.gouv.fr
229190,herault.gouv.fr
232194,vae.gouv.fr
234529,rie.gouv.fr
241238,maine-et-loire.gouv.fr
241626,bison-fute.gouv.fr
245088,reunion.gouv.fr
246335,marches-publics.gouv.fr
246492,somme.gouv.fr
264728,prefectures-regions.gouv.fr
267552,emploi.gouv.fr
278847,trouvermonmaster.gouv.fr
297207,jeunes.gouv.fr
301028,certificat-air.gouv.fr
310664,esante.gouv.fr
316909,ader.gouv.fr
331450,beta.gouv.fr
332894,registre-coproprietes.gouv.fr
333119,tarn-et-garonne.gouv.fr
340294,nord.gouv.fr
379640,cohesion-territoires.gouv.fr
389031,strategie.gouv.fr
390244,eure.gouv.fr
410660,adoption.gouv.fr
410747,aisne.gouv.fr
410946,api.gouv.fr
410977,aquoiserventmesimpots.gouv.fr
411425,bloctel.gouv.fr
411869,charente.gouv.fr
412666,drdjscs.gouv.fr
413219,finistere.gouv.fr
413733,handicap.gouv.fr
413753,haute-loire.gouv.fr
413754,haute-marne.gouv.fr
413961,ille-et-vilaine.gouv.fr
414113,isere.gouv.fr
415369,meurthe-et-moselle.gouv.fr
415370,meuse.gouv.fr
416094,paris.gouv.fr
417382,sportsdenature.gouv.fr
493744,pref.gouv.fr
644420,cheminsdememoire.gouv.fr
708799,equipement.gouv.fr
875268,dieccte.gouv.fr
876321,guyane.gouv.fr
876323,haute-savoie.gouv.fr
